{"params": ["230", "452", "399"], "result": null}
{"params": ["603", "821", "125"], "result": [-0.17465889853131858, -1.1868668062779681]}
{"params": ["944", "520", "845"], "result": null}
{"params": ["747", "192", "278"], "result": null}
{"params": ["999", "485", "930"], "result": null}
{"params": ["876", "104", "565"], "result": null}
{"params": ["140", "724", "737"], "result": [-1.393391907721981, -3.77803666370659]}
{"params": ["854", "384", "217"], "result": null}
{"params": ["336", "474", "906"], "result": null}
{"params": ["713", "465", "194"], "result": null}
{"params": ["13", "454", "476"], "result": [-1.0819798341394198, -33.8410970889375]}
{"params": ["12", "916", "763"], "result": [-0.8422629726876968, -75.49107036064564]}
{"params": ["823", "728", "304"], "result": null}
{"params": ["155", "142", "617"], "result": null}
{"params": ["418", "218", "698"], "result": null}
{"params": ["514", "521", "843"], "result": null}
{"params": ["62", "225", "923"], "result": null}
{"params": ["96", "565", "671"], "result": [-1.6504432669726772, -4.234973399693989]}
{"params": ["513", "974", "57"], "result": [-0.06044594934541449, -1.8381895282374316]}
{"params": ["144", "869", "902"], "result": [-1.3319593234186955, -4.702762898803527]}
{"params": ["828", "440", "738"], "result": null}
{"params": ["459", "984", "869"], "result": null}
{"params": ["394", "709", "625"], "result": null}
{"params": ["94", "733", "789"], "result": [-1.2897052034110927, -6.508167137014439]}
{"params": ["519", "417", "503"], "result": null}
{"params": ["103", "536", "147"], "result": [-0.29046680897995675, -4.913416686165674]}
{"params": ["59", "497", "498"], "result": [-1.1624179299587132, -7.261310883600609]}
{"params": ["17", "167", "539"], "result": null}
{"params": ["434", "598", "276"], "result": null}
{"params": ["205", "610", "201"], "result": [-0.37736552794104145, -2.5982442281565192]}
{"params": ["232", "218", "692"], "result": null}
{"params": ["773", "534", "826"], "result": null}
{"params": ["350", "848", "68"], "result": [-0.08303437196290815, -2.3398227708942345]}
{"params": ["817", "130", "45"], "result": null}
{"params": ["174", "122", "827"], "result": null}
{"params": ["303", "530", "632"], "result": null}
{"params": ["531", "399", "840"], "result": null}
{"params": ["386", "333", "933"], "result": null}
{"params": ["235", "375", "80"], "result": [-0.25365295479026967, -1.3420917260607943]}
{"params": ["198", "157", "91"], "result": null}
{"params": ["108", "857", "326"], "result": [-0.4006229456405624, -7.534562239544623]}
{"params": ["778", "273", "731"], "result": null}
{"params": ["129", "867", "33"], "result": [-0.03828031644626558, -6.682649916111873]}
{"params": ["936", "124", "941"], "result": null}
{"params": ["258", "646", "789"], "result": null}
{"params": ["709", "340", "413"], "result": null}
{"params": ["267", "527", "242"], "result": [-0.726915298205554, -1.2468674733300267]}
{"params": ["412", "261", "181"], "result": null}
{"params": ["773", "485", "384"], "result": null}
{"params": ["691", "178", "127"], "result": null}
{"params": ["32", "340", "483"], "result": [-1.6891167398410638, -8.935883260158937]}
{"params": ["737", "551", "254"], "result": null}
{"params": ["504", "393", "279"], "result": null}
{"params": ["915", "519", "84"], "result": null}
{"params": ["765", "687", "260"], "result": null}
{"params": ["675", "929", "186"], "result": [-0.2431848707373374, -1.133111425558959]}
{"params": ["2", "930", "993"], "result": [-1.0702050296893901, -463.9297949703106]}
{"params": ["129", "599", "661"], "result": [-1.8056772497792888, -2.8377336029338895]}
{"params": ["781", "666", "480"], "result": null}
{"params": ["279", "613", "220"], "result": [-0.4517916429557064, -1.7453409735317489]}
{"params": ["935", "226", "1000"], "result": null}
{"params": ["295", "491", "574"], "result": null}
{"params": ["790", "390", "905"], "result": null}
{"params": ["995", "495", "546"], "result": null}
{"params": ["891", "825", "231"], "result": null}
{"params": ["83", "515", "968"], "result": null}
{"params": ["942", "798", "876"], "result": null}
{"params": ["185", "480", "98"], "result": [-0.2234022615302339, -2.3711923330643607]}
{"params": ["396", "25", "473"], "result": null}
{"params": ["993", "520", "853"], "result": null}
{"params": ["402", "901", "226"], "result": [-0.2877841605738406, -1.9535093717644676]}
{"params": ["161", "765", "598"], "result": [-0.9865220015512232, -3.7650307934798324]}
{"params": ["462", "885", "788"], "result": null}
{"params": ["442", "880", "730"], "result": null}
{"params": ["206", "21", "333"], "result": null}
{"params": ["384", "428", "585"], "result": null}
{"params": ["378", "618", "837"], "result": null}
{"params": ["420", "725", "753"], "result": null}
{"params": ["708", "547", "250"], "result": null}
{"params": ["658", "789", "506"], "result": null}
{"params": ["76", "435", "138"], "result": [-0.3370944422732792, -5.386589768253036]}
{"params": ["525", "609", "994"], "result": null}
{"params": ["473", "693", "233"], "result": [-0.5226986509101632, -0.9424176281596043]}
{"params": ["957", "636", "312"], "result": null}
{"params": ["822", "160", "707"], "result": null}
{"params": ["294", "772", "678"], "result": null}
{"params": ["64", "105", "734"], "result": null}
{"params": ["135", "64", "809"], "result": null}
{"params": ["907", "793", "847"], "result": null}
{"params": ["969", "197", "402"], "result": null}
{"params": ["924", "501", "705"], "result": null}
{"params": ["643", "543", "629"], "result": null}
{"params": ["707", "543", "774"], "result": null}
{"params": ["397", "702", "606"], "result": null}
{"params": ["502", "164", "407"], "result": null}
{"params": ["260", "812", "662"], "result": null}
{"params": ["492", "149", "461"], "result": null}
{"params": ["249", "57", "636"], "result": null}
{"params": ["14", "751", "806"], "result": [-1.0956127040781982, -52.54724443877894]}
{"params": ["58", "941", "197"], "result": [-0.21212522032702402, -16.01201271070746]}
